{
  "prepare_queue": {
    "installed": [],
    "uninstalled": []
  },
  "config_munge": {
    "files": {
      "config.xml": {
        "parents": {
          "/*": [
            {
              "xml": "<feature name=\"Device\"><param name=\"ios-package\" value=\"CDVDevice\" /></feature>",
              "count": 1
            },
            {
              "xml": "<feature name=\"Notification\"><param name=\"ios-package\" value=\"CDVNotification\" /></feature>",
              "count": 1
            },
            {
              "xml": "<feature name=\"Globalization\"><param name=\"ios-package\" value=\"CDVGlobalization\" /></feature>",
              "count": 1
            },
            {
              "xml": "<feature name=\"WLSplashScreen\"><param name=\"ios-package\" value=\"WLSplashPlugin\" /></feature>",
              "count": 1
            },
            {
              "xml": "<feature name=\"LoggerPlugin\"><param name=\"ios-package\" value=\"LoggerPlugin\" /></feature>",
              "count": 1
            },
            {
              "xml": "<feature name=\"DeviceAuth\"><param name=\"ios-package\" value=\"DeviceAuthPlugin\" /></feature>",
              "count": 1
            },
            {
              "xml": "<feature name=\"WLDirectUpdatePlugin\"><param name=\"ios-package\" value=\"WLDirectUpdatePlugin\" /></feature>",
              "count": 1
            },
            {
              "xml": "<feature name=\"WLApp\"><param name=\"ios-package\" value=\"WLApp\" /><param name=\"onload\" value=\"true\" /></feature>",
              "count": 1
            },
            {
              "xml": "<feature name=\"UIControls\"><param name=\"ios-package\" value=\"UIControls\" /></feature>",
              "count": 1
            },
            {
              "xml": "<feature name=\"NetworkDetector\"><param name=\"ios-package\" value=\"NetworkDetector\" /></feature>",
              "count": 1
            },
            {
              "xml": "<feature name=\"NativePage\"><param name=\"ios-package\" value=\"NativePage\" /></feature>",
              "count": 1
            },
            {
              "xml": "<feature name=\"SecurityPlugin\"><param name=\"ios-package\" value=\"SecurityPlugin\" /></feature>",
              "count": 1
            },
            {
              "xml": "<feature name=\"StoragePlugin\"><param name=\"ios-package\" value=\"StoragePlugin\" /></feature>",
              "count": 1
            },
            {
              "xml": "<feature name=\"FIPSHttpPlugin\"><param name=\"ios-package\" value=\"FIPSHttpPlugin\" /></feature>",
              "count": 1
            },
            {
              "xml": "<feature name=\"Badge\"><param name=\"ios-package\" value=\"Badge\" /></feature>",
              "count": 1
            },
            {
              "xml": "<feature name=\"NotificationEx\"><param name=\"ios-package\" value=\"NotificationEx\" /></feature>",
              "count": 1
            },
            {
              "xml": "<feature name=\"WifiPlugin\"><param name=\"ios-package\" value=\"WifiPlugin\" /></feature>",
              "count": 1
            },
            {
              "xml": "<feature name=\"WLNativeXHRPlugin\"><param name=\"ios-package\" value=\"WLNativeXHRPlugin\" /></feature>",
              "count": 1
            },
            {
              "xml": "<feature name=\"WLActionSenderPlugin\"><param name=\"ios-package\" value=\"WLActionSenderPlugin\" /></feature>",
              "count": 1
            },
            {
              "xml": "<feature name=\"WLAuthorizationManagerPlugin\"><param name=\"ios-package\" value=\"WLAuthorizationManagerPlugin\" /></feature>",
              "count": 1
            },
            {
              "xml": "<feature name=\"WLCertificatePinningPlugin\"><param name=\"ios-package\" value=\"WLCertificatePinningPlugin\" /></feature>",
              "count": 1
            },
            {
              "xml": "<feature name=\"SplashScreen\"><param name=\"ios-package\" value=\"CDVSplashScreen\" /><param name=\"onload\" value=\"true\" /></feature>",
              "count": 1
            }
          ]
        }
      }
    }
  },
  "installed_plugins": {
    "cordova-plugin-device": {
      "PACKAGE_NAME": "com.metlife.digitalservicing"
    },
    "cordova-plugin-dialogs": {
      "PACKAGE_NAME": "com.metlife.digitalservicing"
    },
    "cordova-plugin-globalization": {
      "PACKAGE_NAME": "com.metlife.digitalservicing"
    },
    "cordova-plugin-mfp": {
      "PACKAGE_NAME": "com.metlife.digitalservicing"
    },
    "cordova-plugin-okhttp": {
      "PACKAGE_NAME": "com.metlife.digitalservicing"
    },
    "cordova-plugin-splashscreen": {
      "PACKAGE_NAME": "com.metlife.digitalservicing"
    },
    "cordova-plugin-whitelist": {
      "PACKAGE_NAME": "com.metlife.digitalservicing"
    }
  },
  "dependent_plugins": {},
  "modules": [
    {
      "id": "cordova-plugin-device.device",
      "file": "plugins/cordova-plugin-device/www/device.js",
      "pluginId": "cordova-plugin-device",
      "clobbers": [
        "device"
      ]
    },
    {
      "id": "cordova-plugin-dialogs.notification",
      "file": "plugins/cordova-plugin-dialogs/www/notification.js",
      "pluginId": "cordova-plugin-dialogs",
      "merges": [
        "navigator.notification"
      ]
    },
    {
      "id": "cordova-plugin-globalization.GlobalizationError",
      "file": "plugins/cordova-plugin-globalization/www/GlobalizationError.js",
      "pluginId": "cordova-plugin-globalization",
      "clobbers": [
        "window.GlobalizationError"
      ]
    },
    {
      "id": "cordova-plugin-globalization.globalization",
      "file": "plugins/cordova-plugin-globalization/www/globalization.js",
      "pluginId": "cordova-plugin-globalization",
      "clobbers": [
        "navigator.globalization"
      ]
    },
    {
      "id": "cordova-plugin-mfp.mfp",
      "file": "plugins/cordova-plugin-mfp/bootstrap.js",
      "pluginId": "cordova-plugin-mfp",
      "runs": true
    },
    {
      "id": "cordova-plugin-splashscreen.SplashScreen",
      "file": "plugins/cordova-plugin-splashscreen/www/splashscreen.js",
      "pluginId": "cordova-plugin-splashscreen",
      "clobbers": [
        "navigator.splashscreen"
      ]
    }
  ],
  "plugin_metadata": {
    "cordova-plugin-device": "1.1.7",
    "cordova-plugin-dialogs": "1.3.4",
    "cordova-plugin-globalization": "1.0.8",
    "cordova-plugin-mfp": "8.0.2017112205",
    "cordova-plugin-okhttp": "2.0.0",
    "cordova-plugin-splashscreen": "3.2.2",
    "cordova-plugin-whitelist": "1.3.3"
  }
}